-- Adminer 4.8.1 MySQL 5.5.5-10.8.3-MariaDB-1:10.8.3+maria~jammy dump

SET NAMES utf8;
SET time_zone = '+00:00';
SET foreign_key_checks = 0;
SET sql_mode = 'NO_AUTO_VALUE_ON_ZERO';

SET NAMES utf8mb4;

CREATE DATABASE `RoslinyMiododajne` /*!40100 DEFAULT CHARACTER SET utf8mb4 */;
USE `RoslinyMiododajne`;

DROP TABLE IF EXISTS `kategorie`;
CREATE TABLE `kategorie` (
  `Id` int(10) unsigned NOT NULL AUTO_INCREMENT,
  `Nazwa` varchar(30) NOT NULL,
  PRIMARY KEY (`Id`),
  UNIQUE KEY `Nazwa` (`Nazwa`)
) ENGINE=InnoDB DEFAULT CHARSET=utf8mb4;

INSERT INTO `kategorie` (`Id`, `Nazwa`) VALUES
(1,	'Drzewo'),
(2,	'Krzew'),
(3,	'Pnącza'),
(4,	'Rośliny zielne');

DROP TABLE IF EXISTS `kraje`;
CREATE TABLE `kraje` (
  `Id` int(10) unsigned NOT NULL AUTO_INCREMENT,
  `Kraj` varchar(40) NOT NULL,
  PRIMARY KEY (`Id`),
  UNIQUE KEY `Kraj` (`Kraj`)
) ENGINE=InnoDB DEFAULT CHARSET=utf8mb4;

INSERT INTO `kraje` (`Id`, `Kraj`) VALUES
(1,	'Polska');

DROP TABLE IF EXISTS `kraje_roslin`;
CREATE TABLE `kraje_roslin` (
  `Id` int(10) unsigned NOT NULL AUTO_INCREMENT,
  `Id_kraju` int(10) unsigned NOT NULL,
  `Id_rosliny` int(10) unsigned NOT NULL,
  PRIMARY KEY (`Id`),
  KEY `Id_rosliny` (`Id_rosliny`),
  KEY `Id_kraju` (`Id_kraju`),
  CONSTRAINT `kraje_roslin_ibfk_1` FOREIGN KEY (`Id_rosliny`) REFERENCES `rosliny` (`Id`),
  CONSTRAINT `kraje_roslin_ibfk_2` FOREIGN KEY (`Id_kraju`) REFERENCES `kraje` (`Id`)
) ENGINE=InnoDB DEFAULT CHARSET=utf8mb4;

INSERT INTO `kraje_roslin` (`Id`, `Id_kraju`, `Id_rosliny`) VALUES
(1,	1,	1),
(2,	1,	1),
(3,	1,	2),
(4,	1,	3),
(5,	1,	4),
(6,	1,	5),
(7,	1,	6),
(8,	1,	7),
(9,	1,	8),
(10,	1,	9),
(11,	1,	10),
(12,	1,	11),
(13,	1,	12),
(14,	1,	13),
(15,	1,	14),
(16,	1,	15),
(17,	1,	16),
(18,	1,	17),
(19,	1,	18),
(20,	1,	19),
(21,	1,	20),
(22,	1,	21),
(23,	1,	22),
(24,	1,	23),
(25,	1,	24),
(26,	1,	25),
(27,	1,	26),
(28,	1,	27),
(29,	1,	28),
(30,	1,	29),
(31,	1,	30),
(32,	1,	31),
(33,	1,	32),
(34,	1,	33),
(35,	1,	34),
(36,	1,	35),
(37,	1,	36),
(38,	1,	37),
(39,	1,	38),
(40,	1,	39),
(41,	1,	40),
(42,	1,	41),
(43,	1,	42),
(44,	1,	43),
(45,	1,	44),
(46,	1,	45),
(47,	1,	46),
(48,	1,	47),
(49,	1,	48),
(50,	1,	49),
(51,	1,	50),
(52,	1,	51),
(53,	1,	52),
(54,	1,	53),
(55,	1,	54),
(56,	1,	55),
(57,	1,	56),
(58,	1,	57),
(59,	1,	58),
(60,	1,	59),
(61,	1,	60),
(62,	1,	61),
(63,	1,	62),
(64,	1,	63),
(65,	1,	64),
(66,	1,	65),
(67,	1,	66),
(68,	1,	67),
(69,	1,	68),
(70,	1,	69),
(71,	1,	70),
(72,	1,	71),
(73,	1,	72),
(74,	1,	73),
(75,	1,	74),
(76,	1,	75),
(77,	1,	76),
(78,	1,	77),
(79,	1,	78),
(80,	1,	79),
(81,	1,	80),
(82,	1,	81),
(83,	1,	82),
(84,	1,	83),
(85,	1,	84),
(86,	1,	85),
(87,	1,	86),
(88,	1,	87),
(89,	1,	88),
(90,	1,	89),
(91,	1,	90),
(92,	1,	91),
(93,	1,	92),
(94,	1,	93),
(95,	1,	94),
(96,	1,	95),
(97,	1,	96),
(98,	1,	97),
(99,	1,	98),
(100,	1,	99),
(101,	1,	100),
(102,	1,	101),
(103,	1,	102),
(104,	1,	103),
(105,	1,	104),
(106,	1,	105),
(107,	1,	106),
(108,	1,	107),
(109,	1,	108),
(110,	1,	109),
(111,	1,	110),
(112,	1,	111),
(113,	1,	112),
(114,	1,	113),
(115,	1,	114);

DROP TABLE IF EXISTS `rosliny`;
CREATE TABLE `rosliny` (
  `Id` int(10) unsigned NOT NULL AUTO_INCREMENT,
  `Id_rodzaju_rosliny` int(10) unsigned NOT NULL,
  `Nazwa` varchar(30) NOT NULL,
  `Nazwa_lacinska` varchar(40) NOT NULL,
  `Wydajnosc_miodowa` int(10) unsigned DEFAULT NULL,
  `Wydajnosc_pylkowa` int(10) unsigned DEFAULT NULL,
  `Zdjecie` mediumtext DEFAULT NULL,
  PRIMARY KEY (`Id`),
  UNIQUE KEY `Nazwa` (`Nazwa`),
  UNIQUE KEY `Nazwa_lacinska` (`Nazwa_lacinska`),
  KEY `Id_rodzaju_rosliny` (`Id_rodzaju_rosliny`),
  CONSTRAINT `rosliny_ibfk_1` FOREIGN KEY (`Id_rodzaju_rosliny`) REFERENCES `kategorie` (`Id`)
) ENGINE=InnoDB DEFAULT CHARSET=utf8mb4;

INSERT INTO `rosliny` (`Id`, `Id_rodzaju_rosliny`, `Nazwa`, `Nazwa_lacinska`, `Wydajnosc_miodowa`, `Wydajnosc_pylkowa`, `Zdjecie`) VALUES
(1,	1,	'Jarząb pospolity',	'Sorbus aucuparia',	20,	50,	'jarzab-pospolity.jpg'),
(2,	1,	'Ewodia pupejska',	'Tetradium daniellii',	260,	0,	'ewodia-hupejska.jpg'),
(3,	1,	'Surmia',	'Catalpa',	0,	0,	'catalpa.jpg'),
(4,	1,	'Kasztanowiec zwyczajny',	'Aesculus hippocastanus',	50,	25,	'aesculus-hippocastanus.jpg'),
(5,	1,	'Klon jawor',	'Acer pseudoplatanus',	50,	0,	'acer-pseudoplatanus.jpg'),
(6,	1,	'Klon polny',	'Acer campestre',	50,	0,	'klon-polny.jpg'),
(7,	1,	'Klon pospolity',	'Acer platanoides',	100,	0,	'klon-pospolity.jpg'),
(8,	1,	'Lipa probnolistna',	'Tilia cordata',	200,	35,	'lipa-drobnolistna.jpg'),
(9,	1,	'Lipa szerokolistna',	'Tilia platyphyllos',	200,	35,	'lipa-szerokolistna.jpg'),
(10,	1,	'Lipa krymska',	'Tilia euchlora',	0,	0,	'lipa-krymska.jpg'),
(11,	1,	'Lipa węgierska',	'Tilia tomentosa',	0,	0,	'lipa-srebrzysta.jpg'),
(12,	1,	'Robinia akacjowa',	'Robinia pseudoacacia',	65,	15,	'robinia_akacjowa.jpg'),
(13,	1,	'Wierzba',	'Salix',	30,	45,	'wierzba-biala.jpg'),
(14,	1,	' Śliwa domowa',	'Prunus domestica',	30,	15,	'sliwa-domowa.jpg'),
(15,	2,	'Berberys',	'Berberis',	0,	0,	'berberys.jpg'),
(16,	2,	'Czeremcha zwyczajna',	'Prunus padus',	40,	0,	'czeremcha-pospolita.jpg'),
(17,	2,	'Głóg dwuszyjkowy',	'Crataegus oxyacantha',	0,	0,	'crataegus-oxyacanthajpg'),
(18,	2,	'Głóg jednoszyjkowy',	'Crataegus monogyna',	0,	0,	'crataegus-monogyna.jpg'),
(19,	2,	'Kłokoczka południowa',	'Staphylea pinnata',	0,	0,	'staphylea-pinnata.jpg'),
(20,	2,	'Kruszyna pospolita',	'Rhamnus frangula',	80,	0,	'kruszyna-pospolita.jpg'),
(21,	2,	'Ligustr pospolity',	'Ligstrum vulgare',	20,	0,	'ligustrum-vulgare.jpg'),
(22,	2,	'Malina właściwa',	'Rubus idaeus',	0,	0,	'rubus-idaeus.jpg'),
(23,	2,	'Porzeczka czarna',	'Ribes nigrum',	70,	0,	'ribes-nigrum.jpg'),
(24,	2,	'Róża',	'Rosa',	0,	0,	'roza.jpg'),
(25,	2,	'Śnieguliczka biała',	'Symphoricarpos albus',	190,	0,	'symphoricarpos-albus.jpg'),
(26,	3,	'Bluszcz pospolity',	'Hedera helix',	300,	0,	'hedera-helix.jpg'),
(27,	3,	'Wiciokrzew pospolity',	'Lonicera xylosteum',	120,	0,	'lonicera-xylosteum.jpg'),
(28,	3,	'Winobluszcz trójklapowy',	'Parthenocissus',	0,	0,	'winobluszcz.jpg'),
(29,	4,	'Brodawnik jesienny',	'Leontodon autumnalis',	0,	0,	'leontodon-hispidus.jpg'),
(30,	4,	'Chaber bławatek',	'Centaurea cyanus',	300,	60,	'centaura-cyanus.jpg'),
(31,	4,	'Chaber driakiewnik',	'Centaurea scabiosa',	0,	0,	'centaurea-scabiosa.jpg'),
(32,	4,	'Chaber górski',	'Centaurea montana',	0,	0,	'centaura-montana.jpg'),
(33,	4,	'Chaber łąkowy',	'Centaurea jacea',	0,	0,	'centuara-jacea.jpg'),
(34,	4,	'Chaber nadreński',	'Centaurea rhenana',	0,	0,	'chaber-nadrenski.jpg'),
(35,	4,	'Czarcikęs łąkowy',	'Succisa pratensis',	0,	0,	'succisa.jpg'),
(36,	4,	'Czyściec prosty',	'Stachys recta',	0,	0,	'czyściec-prosty-1.jpg'),
(37,	4,	'Dąbrówka rozłogowa',	'Ajuga reptans',	100,	0,	'ajuga_reptans.jpg'),
(38,	4,	'Dyptam jesionolistny',	'Dictamnus albus',	175,	0,	'dictamnus-albus.jpg'),
(39,	4,	'Dziurawiec zwyczajny',	'Hypericum perforatum',	0,	0,	'dziurawiec.jpg'),
(40,	4,	'Facelia błękitna',	'Phacelia tanacaetifolia',	353,	0,	'phacelia.jpg'),
(41,	4,	'Farbownik lekarski',	'Anchusa officinalis',	0,	0,	'anchusa-officinalis.jpg'),
(42,	4,	'Gajowiec żółty',	'Galeobdolon luteum',	0,	0,	'galeobdolon-luteum.jpg'),
(43,	4,	'Głowienka pospolita',	'Prunella vulgaris',	170,	0,	'prunella.jpg'),
(44,	4,	'Gorczyca biała',	'Sinapis alba',	22,	0,	'sinapis-alba.jpg'),
(45,	4,	'Gorczyca czarna',	'Sinapis nigra',	0,	0,	'sinapsis-nigra.jpg'),
(46,	4,	'Gorczyca sarepska',	'Brassica juncea',	0,	0,	'brassica-junea.jpg'),
(47,	4,	'Gryka zwyczajna',	'Fagopyrum sagittatum',	198,	25,	'fagopyrum-esculentum.jpg'),
(48,	4,	'Hyzop lekarski',	'Hyssopus officinalis',	400,	0,	'hyzip.jpg'),
(49,	4,	'Jasnota biała',	'Lamium album',	200,	50,	'lamium-album.jpg'),
(50,	4,	'Jasnota purpurowa',	'Lamium purpureum',	0,	0,	'Cleaned-Illustration_Lamium_purpureum.jpg'),
(51,	4,	'Kocimiętka właściwa',	'Nepeta cataria',	172,	0,	'Nepeta_cataria_Sturm24.jpg'),
(52,	4,	'Komonica',	'Lotus',	0,	0,	'Sacred_lotus_Nelumbo_nucifera.jpg'),
(53,	4,	'Koniczyna biała',	'Trifolium repens',	95,	30,	'1200px-Illustration_Trifolium_repens0.jpg'),
(54,	4,	'Koniczyna białoróżowa',	'Trifolium hybridum',	100,	30,	'e032fa744457b3b0fe2e6806fef4da3bd55fb2ad.jpg'),
(55,	4,	'Koniczyna krwistoczerwona',	'Trifolium incarnatum',	140,	0,	'1200px-Trifolium_incarnatum.jpg'),
(56,	4,	'Krwawnica pospolita',	'Lythrum salicaria',	200,	0,	'pol_pl_Krwawnica-pospolita-Robin-Lythrum-salicaria-14517_1.jpg'),
(57,	4,	'Lebiodka pospolita',	'Origanum vulgare',	500,	0,	'1200px-Illustration_Origanum_vulgare0.jpg'),
(58,	4,	'Lepiężnik różowy',	'Petasites hybridus',	0,	0,	'Petasites_hybridus_Sturm53.jpg'),
(59,	4,	'Lnica pospolita',	'Linaria vulgaris',	0,	0,	'Linaria_vulgaris_Sturm10027.jpg'),
(60,	4,	'Lubczyk lekarski',	'Levisticum officinale',	484,	0,	'1200px-Illustration_Levisticum_officinale0.jpg'),
(61,	4,	'Lucerna',	'Medicago',	0,	0,	'Medicago_minima_W.jpg'),
(62,	4,	'Łubin żółty',	'Lupinus luteus',	0,	0,	'1200px-Illustration_Lupinus_luteus1.jpg'),
(63,	4,	'Łyszczec wiechowaty',	'Gypsophila paniculata',	300,	0,	'gypsophila-paniculata-snowflake-lyszczec-wiechowaty-.jpg'),
(64,	4,	'Macierzanka piaskowa',	'Thymus serpyllum',	0,	0,	'thymus-serpyllum-macierzanka-piaskowa.jpg'),
(65,	4,	'Macierzanka zwyczajna',	'Thymus pulegioides',	0,	0,	'1200px-Thymus_pulegioides.jpg'),
(66,	4,	'Melisa lekarska',	'Melissa officinalis',	89,	0,	'178px-Melissa_officinalis_-_Kohler–s_Medizinal-Pflanzen-094.jpg'),
(67,	4,	'Mięta długolistna',	'Mentha longifolia',	500,	0,	'Mentha_longifolia_2005.08.02_09.53.56.jpg'),
(68,	4,	'Mikołajek płaskolistny',	'Eryngium planum',	700,	100,	'Mikolajek-Plaskolistny-Eryngium-Planum-L-14-1.jpg'),
(69,	4,	'Miodownik melisowaty',	'Melittis melissophyllum',	0,	0,	'Melittis_melissophyllum_cleaned_Sturm.jpg'),
(70,	4,	'Miodunka',	'Pulmonaria',	0,	0,	'miodunka-moonshine-pulmonaria.jpg'),
(71,	4,	'Mniszek lekarski',	'Taraxacum officinale',	20,	200,	'Taraxacum_officinale_-_Köhler–s_Medizinal-Pflanzen-135.jpg'),
(72,	4,	'Nawłoć  kanadyjska',	'Solidago canadensis',	0,	0,	'Solidago_canadensis_20050815_248.jpg'),
(73,	4,	'Nawłoć pospolita',	'Solidago virgaurea',	0,	0,	'Nawloc-pospolita.jpg'),
(74,	4,	'Nawłoć późna',	'Solidago serotina',	750,	50,	'Solidago_gigantea01.jpg'),
(75,	4,	'Nostrzyk biały ',	'Melilotus albus',	450,	123,	'2278_1.jpg'),
(76,	4,	'Nostrzyk żółty ',	'Melilotus officinalis',	100,	30,	'1200px-Illustration_Melilotus_officinalis0.jpg'),
(77,	4,	'Ogórecznik lekarski ',	'Borago officinalis',	176,	0,	'Illustration_Borago_officinalis0.jpg'),
(78,	4,	'Orlik ',	'orlik (Aquilegia)',	0,	0,	'gf-Ta8d-bEtv-uQD7_orlik-ogrodowy-664x442.jpg'),
(79,	4,	'Oset zwisły ',	'Carduus nutans',	0,	0,	'1200px-Illustration_Carduus_nutans0.jpg'),
(80,	4,	'Ostrożeń błotny ',	'Cirsium palustre',	0,	0,	'Cirsium_palustre_Sturm3.jpg'),
(81,	4,	'Ostrzeń górski ',	'Cynoglossum germanicum',	0,	0,	'c0035461-800px-wm.jpg'),
(82,	4,	'Ożota zwyczajna ',	'Galatella linosyris',	0,	0,	'e0a4fe40d76d536c5f6d4e2c23ffe99f318d06fe.jpg'),
(83,	4,	'Pierwiosnek ',	'Primula',	0,	0,	'pol_pl_Pierwwiosnek-Wanda-Primula-juliana-11424_1.jpg'),
(84,	4,	'Popłoch pospolity ',	'Onopordum acanthium',	100,	35,	'Onopordum_acanthium.jpg'),
(85,	4,	'Pszczelnik wąskolistny ',	'Dracocephalum ruyschiana',	0,	0,	'220px-Dracocephalum_ruyschiana_1.jpg'),
(86,	4,	'Pszczelnik mołdawski ',	'Dracocephalum moldavica',	350,	0,	'Dracocephalum_moldavica_Sturm28.jpg'),
(87,	4,	'Przegorzan kulisty ',	'Echinopas sphaerocephalus',	500,	0,	'640px-Illustration_Echinops_sphaerocephalus0.jpg'),
(88,	4,	'Przetacznik pagórkowy ',	'Veronica teucrium',	0,	0,	'przetacznik-pagorkowy-veronica-teucrium-zdj-adobe-stock.jpg'),
(89,	4,	'Pysznogłówka purpurowa ',	'Monarda purpurea',	0,	0,	'pysznoglowka-dancing-bird-monarda.jpg'),
(90,	4,	'Rdest wężownik ',	'Polygonum bistorta',	350,	40,	'1200px-Polygonum_bistorta_a3.jpg'),
(91,	4,	'Rezeda żółta ',	'Reseda lutea',	0,	0,	'Reseda_lutea1.jpg'),
(92,	4,	'Rezeda żółtawa ',	'Reseda luteola',	0,	0,	'Reseda_luteola_La_Palma1.jpg'),
(93,	4,	'Rozchodnik ',	'Sedum',	0,	0,	'rozchodnik-sedum-zdj-adobe-stock.jpg'),
(94,	4,	'Ruta zwyczajna ',	'Ruta graveolens',	295,	0,	'Ruta_graveolens_-_Kohler–s_Medizinal-Pflanzen-259.jpg'),
(95,	4,	'Rzepak ',	'Brassica napus',	0,	0,	'Brassica_napus_-_Kohler–s_Medizinal-Pflanzen-169.jpg'),
(96,	4,	'Seradela pastewna ',	'Ornithopus sativus',	0,	0,	'1200px-Ornithopus_sativus_flower,_serradelle_bloem.jpg'),
(97,	4,	'Serdecznik syberyjski ',	'Leonorus sibiricus',	0,	0,	'1200px-Leonurus_sibiricus.jpg'),
(98,	4,	'Siedmiopalecznik błotny ',	'Comarum palustre',	0,	0,	'Potentilla_palustris_Sturm20.jpg'),
(99,	4,	'Sparceta siewna ',	'Onobrychis viciifolia',	180,	60,	'1200px-Onobrychis_viciifolia_Inflorescence_11April2009_CampoCalatrava.jpg'),
(100,	4,	'Szafran',	'Crocus',	0,	0,	'Crocus_vernus_with_bee.jpg'),
(101,	4,	'Szałwia lekarska ',	'Salvia officinalis',	510,	0,	'salvia_officinalis_.jpg'),
(102,	4,	'Szałwia łąkowa ',	'Salvia pratensis',	0,	0,	'260_Salvia_pratensis_L.jpg'),
(103,	4,	'Szałwia okręgowa ',	'Salvia verticillata',	300,	40,	'1200px-Salvia_verticillata_240606.jpg'),
(104,	4,	'Szczeć pospolita ',	'Dipsacus sylvestris',	300,	250,	'Affoltern_-_Katzensee_2011-07-03_15-02-08.jpg'),
(105,	4,	' Ślaz zaniedbany ',	'Malva neglecta',	0,	0,	'Malva_neglecta_Sturm64.jpg'),
(106,	4,	'Tojad ',	'Aconitum',	0,	0,	'aconitum-napellus-tojad-mocny.jpg'),
(107,	4,	'Trędownik bulwiasty ',	'Scrophularia nodosa',	700,	0,	'1200px-Illustration_Scrophularia_nodosa0_clean.jpg'),
(108,	4,	'Wielosił błekitny ',	'Polemonium caeruleum',	0,	0,	'Polemonium_caeruleum_nf.jpg'),
(109,	4,	'Wierzbówka kiprzyca ',	'Chamaenerion angustifolium',	200,	0,	'wierzbowka-kiprzyca.jpg'),
(110,	4,	'Wyka ptasia',	'Vicia cracca',	0,	0,	'318_Vicia_cracca,_Vicia_villosa.jpg'),
(111,	4,	'Wyka płotowa',	'Vicia sepium',	0,	0,	'Vicia_sepium_Sturm12.jpg'),
(112,	4,	'Drobnokwiatowa',	'Vicia hirsuta',	0,	0,	'1200px-Vicia_hirsuta_1.jpg'),
(113,	4,	'Żmijowiec zwyczajny',	'Echium vulgare',	400,	70,	'87_Echium_vulgare.jpg'),
(114,	4,	'Żywokost lekarski',	'Symphytum officinale',	0,	0,	'1548345594.jpg');

-- 2022-06-06 08:56:23
